{
    "width" : 424,
    "height" : 240,
    "fps" : 60,
    "fx" : 313.123199,
    "fy" : 313.123199,
    "cx" : 211.897949,
    "cy" : 118.968796,
    "k1" : 0.0,
    "k2" : 0.0,
    "p1" : 0.0,
    "p2" : 0.0,
    "k3" : 0.0,
    "bf" : 17.2218,
    "thdepth" : 15,
    "nfeatures" : 1000,
    "delay" : 0.0
}
